{
    "fishType": "g4",
    "detail": [
        {
            "name": "單次使用時間",
            "score": "高",
            "info": "30秒"
        },
        {
            "name": "使用頻率",
            "score": "中",
            "info": "3次/天"
        },
        {
            "name": "轉換率",
            "score": "高",
            "info": ""
        },
        {
            "name": "閱讀偏好",
            "score": "財經",
            "info": ""
        }
    ],
    "barInfo": [
        { "id": "", "name": "停留時間", "percent": "30", "show": "低", "bgColor": "#fe5660" },
        { "id": "", "name": "造訪頻率", "percent": "50", "show": "中", "bgColor": "#24ccb8" },
        { "id": "", "name": "完整閱讀", "percent": "60", "show": "高", "bgColor": "#2e6eff" }
    ],
    "articles": [
        { "name": "全民退休投資專案7月底啟動，這兩種人最適合", "count": 52 },
        { "name": "全民退休投資專案7月底啟動，這兩種人最適合", "count": 32 },
        { "name": "全民退休投資專案7月底啟動，這兩種人最適合", "count": 22 },
        { "name": "全民退休投資專案7月底啟動，這兩種人最適合", "count": 16 },
        { "name": "全民退休投資專案7月底啟動，這兩種人最適合", "count": 11 },
        { "name": "全民退休投資專案7月底啟動，這兩種人最適合", "count": 7 },
        { "name": "全民退休投資專案7月底啟動，這兩種人最適合", "count": 5 },
        { "name": "全民退休投資專案7月底啟動，這兩種人最適合", "count": 3 },
        { "name": "全民退休投資專案7月底啟動，這兩種人最適合", "count": 2 },
        { "name": "全民退休投資專案7月底啟動，這兩種人最適合", "count": 1 }
    ],
    "proportion": [
        { "id": "c1", "name": "財經時事", "value": 400, "color": "#788c8b" },
        { "id": "c2", "name": "投資理財", "value": 300, "color": "#067795" },
        { "id": "c3", "name": "競爭力", "value": 300, "color": "#0dbaca" },
        { "id": "c4", "name": "品味人生", "value": 200, "color": "#fe7841" },
        { "id": "c5", "name": "幸福熟齡", "value": 200, "color": "#d7d5c9" },
        { "id": "c6", "name": "精選頻道", "value": 200, "color": "#abc8c6" }
    ]
}