{
    "circles": [
        { "id": "c1", "label": "延伸閱讀", "value": "52", "count": "6400", "color": "#0dbaca" },
        { "id": "c2", "label": "導覽列", "value": "40", "count": "6400", "color": "#788c8b" },
        { "id": "c3", "label": "推薦", "value": "32", "count": "6400", "color": "#d7d5c9" },
        { "id": "c4", "label": "搜尋", "value": "22", "count": "6400", "color": "#abc8c6" },
        { "id": "c5", "label": "轉載", "value": "15", "count": "6400", "color": "#067795" },
        { "id": "c6", "label": "廣告", "value": "10", "count": "6400", "color": "#fe7841" }
        
    ],
    "lineChart": [
        {"name": "第一週", "c1": 4000, "c2": 2400, "c3": 4500, "c4": 5500, "c5": 4500 },
        {"name": "第二週", "c1": 2000, "c2": 1400, "c3": 3500, "c4": 3500, "c5": 3500 },
        {"name": "第三週", "c1": 1000, "c2": 1880, "c3": 7500, "c4": 4500, "c5": 4700 },
        {"name": "第四週", "c1": 4600, "c2": 2700, "c3": 1500, "c4": 1500, "c5": 5500 }
    ]
}