{
        "user": [
          { "name": "舊客戶", "color": "#3299bb" },
          { "name": "新客戶", "color": "#15e5f8" }
        ],
        "interval": [
          {
            "name": "本日",
            "start": "",
            "end": ""
          },
          {
            "name": "本週",
            "start": "",
            "end": ""
          },
          {
            "name": "本月",
            "start": "",
            "end": ""
          }
        ],
        "type": [
          {
            "id": "device",
            "name": "裝置",
            "value": [
              { "name": "手機", "old": 380, "new": 100 },
              { "name": "平板", "old": 114, "new": 93 },
              { "name": "電腦", "old": 250, "new": 300 }
            ]
          },
          {
            "id": "browser",
            "name": "瀏覽器",
            "value": [
              { "name": "Chrome", "old": 380, "new": 100 },
              { "name": "Firefox", "old": 114, "new": 93 },
              { "name": "Safira", "old": 250, "new": 300 },
              { "name": "iphone", "old": 250, "new": 300 }
            ]
          },
          {
            "id": "website",
            "name": "網站",
            "value": [
              { "name": "Google", "url": "www.google.com", "old": 380, "new": 100 },
              { "name": "Facebook", "url": "www.facebook.com", "old": 114, "new": 93 },
              { "name": "Livingsport", "url": "livingsport.tw", "old": 250, "new": 300 }
            ]
          },
          {
            "id": "area",
            "name": "地區",
            "value": [
              { "name": "台北", "value": "taipei", "old": 380, "new": 100 },
              { "name": "新竹", "value": "taipei", "old": 114, "new": 93 },
              { "name": "桃園", "value": "taipei", "old": 250, "new": 300 },
              { "name": "花蓮", "value": "taipei", "old": 250, "new": 300 },
              { "name": "高雄", "value": "taipei", "old": 100, "new": 24 },
              { "name": "屏東", "value": "taipei", "old": 50, "new": 150 }
            ]
          }
        ]
}