{
    "interval": [
        {
            "name": "本日",
            "start": "",
            "end": ""
        },
        {
            "name": "本週",
            "start": "",
            "end": ""
        },
        {
            "name": "本月",
            "start": "",
            "end": ""
        }
    ],
    "detail": [
        {
            "name": "排名",
            "list": [
                "1",
                "2",
                "3",
                "4",
                "5",
                "6",
                "7",
                "8",
                "9",
                "10",
                "11",
                "12",
                "13",
                "14",
                "15"
            ]
        },
        {
            "name": "文章名稱",
            "list": [
                "AAAAAAAA",
                "BBBBBBB",
                "CCCCCCC",
                "AAAAAAAA",
                "BBBBBBB",
                "CCCCCCC",
                "AAAAAAAA",
                "BBBBBBB",
                "CCCCCCC",
                "AAAAAAAA",
                "BBBBBBB",
                "CCCCCCC",
                "AAAAAAAA",
                "BBBBBBB",
                "CCCCCCC"
            ]
        },
        {
            "name": "人數",
            "list": [
                "1111",
                "2222",
                "3333",
                "4444",
                "555",
                "666",
                "777",
                "8888",
                "9999",
                "1111",
                "2222",
                "3333",
                "4444",
                "555",
                "666"
            ]
        },
        {
            "name": "流量",
            "list": [
                "1111",
                "2222",
                "3333",
                "4444",
                "555",
                "666",
                "777",
                "8888",
                "9999",
                "1111",
                "2222",
                "3333",
                "4444",
                "555",
                "666"
            ]
        },
        {
            "name": "新客戶",
            "list": [
                "1111",
                "2222",
                "3333",
                "4444",
                "555",
                "666",
                "777",
                "8888",
                "9999",
                "1111",
                "2222",
                "3333",
                "4444",
                "555",
                "666"
            ]
        },
        {
            "name": "舊客戶",
            "list": [
                "1111",
                "2222",
                "3333",
                "4444",
                "555",
                "666",
                "777",
                "8888",
                "9999",
                "1111",
                "2222",
                "3333",
                "4444",
                "555",
                "666"
            ]
        }
    ]
}