{
        "interval": [
          {
            "name": "本日",
            "start": "",
            "end": ""
          },
          {
            "name": "本週",
            "start": "",
            "end": ""
          },
          {
            "name": "本月",
            "start": "",
            "end": ""
          }
        ],
        "type": [
          {
            "id": "rise",
            "name": "上升資產",
            "proportion": [
              { "id":"c1", "name": "財經時事", "value": 400, "color": "#788c8b" },
              { "id":"c2", "name": "投資理財", "value": 300, "color": "#067795" },
              { "id":"c3", "name": "競爭力", "value": 300, "color": "#0dbaca" },
              { "id":"c4", "name": "品味人生", "value": 200, "color": "#fe7841" },
              { "id":"c5", "name": "幸福熟齡", "value": 200, "color": "#d7d5c9" },
              { "id":"c6", "name": "精選頻道", "value": 200, "color": "#abc8c6" }
            ],
            "lineChart": [
              {"name": 1, "c1": 4000, "c2": 2400, "c3": 4500, "c4": 5500, "c5": 4500, "c6": 2500 },
              {"name": 2, "c1": 2000, "c2": 1400, "c3": 3500, "c4": 3500, "c5": 3500, "c6": 1500 },
              {"name": 3, "c1": 1000, "c2": 1880, "c3": 7500, "c4": 4500, "c5": 4700, "c6": 5200 },
              {"name": 4, "c1": 4600, "c2": 2700, "c3": 1500, "c4": 1500, "c5": 5500, "c6": 2400 },
              {"name": 5, "c1": 3500, "c2": 3200, "c3": 5500, "c4": 4500, "c5": 5100, "c6": 1300 },
              {"name": 6, "c1": 6000, "c2": 4600, "c3": 7500, "c4": 1700, "c5": 4200, "c6": 1200 },
              {"name": 7, "c1": 2000, "c2": 3400, "c3": 2500, "c4": 5700, "c5": 4000, "c6": 2400 }
            ]
          },
          {
            "id": "main",
            "name": "主力資產",
            "proportion": [
              { "id":"c1", "name": "財經時事", "value": 500, "color": "#788c8b" },
              { "id":"c2", "name": "投資理財", "value": 300, "color": "#067795" },
              { "id":"c3", "name": "競爭力", "value": 200, "color": "#0dbaca" },
              { "id":"c4", "name": "品味人生", "value": 200, "color": "#fe7841" },
              { "id":"c5", "name": "幸福熟齡", "value": 200, "color": "#d7d5c9" },
              { "id":"c6", "name": "精選頻道", "value": 200, "color": "#abc8c6" }
            ],
            "lineChart": [
              {"name": 1, "c1": 4000, "c2": 2400, "c3": 4500, "c4": 5500, "c5": 4500, "c6": 2500 },
              {"name": 2, "c1": 2000, "c2": 1400, "c3": 3500, "c4": 3500, "c5": 3500, "c6": 1500 },
              {"name": 3, "c1": 1000, "c2": 1880, "c3": 7500, "c4": 4500, "c5": 4700, "c6": 5200 },
              {"name": 4, "c1": 4600, "c2": 2700, "c3": 1500, "c4": 1500, "c5": 5500, "c6": 2400 },
              {"name": 5, "c1": 3500, "c2": 3200, "c3": 5500, "c4": 4500, "c5": 5100, "c6": 1300 },
              {"name": 6, "c1": 6000, "c2": 4600, "c3": 7500, "c4": 1700, "c5": 4200, "c6": 1200 },
              {"name": 7, "c1": 2000, "c2": 3400, "c3": 2500, "c4": 5700, "c5": 4000, "c6": 2400 }
            ]
          },
          {
            "id": "decline",
            "name": "衰退資產",
            "proportion": [
              { "id":"c1", "name": "財經時事", "value": 400, "color": "#788c8b" },
              { "id":"c2", "name": "投資理財", "value": 300, "color": "#067795" },
              { "id":"c3", "name": "競爭力", "value": 300, "color": "#0dbaca" },
              { "id":"c4", "name": "品味人生", "value": 200, "color": "#fe7841" },
              { "id":"c5", "name": "幸福熟齡", "value": 200, "color": "#d7d5c9" },
              { "id":"c6", "name": "精選頻道", "value": 200, "color": "#abc8c6" }
            ],
            "lineChart": [
              {"name": 1, "c1": 4000, "c2": 2400, "c3": 4500, "c4": 5500, "c5": 4500, "c6": 2500 },
              {"name": 2, "c1": 2000, "c2": 1400, "c3": 3500, "c4": 3500, "c5": 3500, "c6": 1500 },
              {"name": 3, "c1": 1000, "c2": 1880, "c3": 7500, "c4": 4500, "c5": 4700, "c6": 5200 },
              {"name": 4, "c1": 4600, "c2": 2700, "c3": 1500, "c4": 1500, "c5": 5500, "c6": 2400 },
              {"name": 5, "c1": 3500, "c2": 3200, "c3": 5500, "c4": 4500, "c5": 5100, "c6": 1300 },
              {"name": 6, "c1": 6000, "c2": 4600, "c3": 7500, "c4": 1700, "c5": 4200, "c6": 1200 },
              {"name": 7, "c1": 2000, "c2": 3400, "c3": 2500, "c4": 5700, "c5": 4000, "c6": 2400 }
            ]
          },
          {
            "id": "weak",
            "name": "孱弱資產",
            "proportion": [
              { "id":"c1", "name": "財經時事", "value": 400, "color": "#788c8b" },
              { "id":"c2", "name": "投資理財", "value": 300, "color": "#067795" },
              { "id":"c3", "name": "競爭力", "value": 300, "color": "#0dbaca" },
              { "id":"c4", "name": "品味人生", "value": 200, "color": "#fe7841" },
              { "id":"c5", "name": "幸福熟齡", "value": 200, "color": "#d7d5c9" },
              { "id":"c6", "name": "精選頻道", "value": 200, "color": "#abc8c6" }
            ],
            "lineChart": [
              {"name": 1, "c1": 4000, "c2": 2400, "c3": 4500, "c4": 5500, "c5": 4500, "c6": 2500 },
              {"name": 2, "c1": 2000, "c2": 1400, "c3": 3500, "c4": 3500, "c5": 3500, "c6": 1500 },
              {"name": 3, "c1": 1000, "c2": 1880, "c3": 7500, "c4": 4500, "c5": 4700, "c6": 5200 },
              {"name": 4, "c1": 4600, "c2": 2700, "c3": 1500, "c4": 1500, "c5": 5500, "c6": 2400 },
              {"name": 5, "c1": 3500, "c2": 3200, "c3": 5500, "c4": 4500, "c5": 5100, "c6": 1300 },
              {"name": 6, "c1": 6000, "c2": 4600, "c3": 7500, "c4": 1700, "c5": 4200, "c6": 1200 },
              {"name": 7, "c1": 2000, "c2": 3400, "c3": 2500, "c4": 5700, "c5": 4000, "c6": 2400 }
            ]
          }
          
        ]
}